"April 13, 2021 at 09:14PM",ece477,100118,71.96936F,50.55%,233
"April 13, 2021 at 09:44PM",ece477,100119,71.87333F,50.00%,238
"April 13, 2021 at 10:14PM",ece477,100120,71.84132F,50.61%,237
"April 13, 2021 at 10:44PM",ece477,100121,71.71327F,50.91%,226
"April 13, 2021 at 11:14PM",ece477,100122,71.55322F,51.04%,226
"April 13, 2021 at 11:44PM",ece477,100123,71.55322F,50.96%,226
"April 14, 2021 at 12:14AM",ece477,100124,71.4892F,50.87%,228
"April 14, 2021 at 12:44AM",ece477,100125,71.32914F,51.08%,231
"April 14, 2021 at 01:14AM",ece477,100126,71.26512F,51.15%,228
"April 14, 2021 at 01:44AM",ece477,100127,71.13707F,51.48%,230
"April 14, 2021 at 02:14AM",ece477,100128,71.04104F,51.73%,227
"April 14, 2021 at 02:44AM",ece477,100129,70.913F,51.36%,233
"April 14, 2021 at 03:14AM",ece477,100130,70.68892F,51.75%,230
"April 14, 2021 at 03:44AM",ece477,100131,70.52886F,52.26%,227
"April 14, 2021 at 04:14AM",ece477,100132,70.17674F,51.73%,229
"April 14, 2021 at 04:44AM",ece477,100133,69.79261F,51.75%,235
"April 14, 2021 at 05:14AM",ece477,100134,69.60055F,51.82%,240
"April 14, 2021 at 05:44AM",ece477,100135,69.24843F,51.72%,240
"April 14, 2021 at 06:14AM",ece477,100136,68.96033F,51.67%,237
"April 14, 2021 at 06:44AM",ece477,100137,68.54419F,51.68%,223
"April 14, 2021 at 07:14AM",ece477,100138,68.35212F,52.09%,227
"April 14, 2021 at 07:44AM",ece477,100139,68.67223F,51.54%,235
"April 14, 2021 at 08:14AM",ece477,100140,69.21642F,50.19%,234
"April 14, 2021 at 08:44AM",ece477,100141,69.82462F,49.96%,250
"April 14, 2021 at 09:14AM",ece477,100142,70.46484F,50.46%,243
"April 14, 2021 at 09:44AM",ece477,100143,70.97702F,50.95%,240
"April 14, 2021 at 10:14AM",ece477,100144,71.32914F,51.29%,238
"April 14, 2021 at 10:44AM",ece477,100145,71.4892F,51.18%,230
"April 14, 2021 at 11:14AM",ece477,100146,71.64925F,50.73%,218
"April 14, 2021 at 11:44AM",ece477,100147,72.16142F,49.97%,212
"April 14, 2021 at 12:14PM",ece477,100148,73.47388F,47.96%,180
"April 14, 2021 at 12:44PM",ece477,100149,73.89001F,46.02%,175
"April 14, 2021 at 01:14PM",ece477,100150,73.89001F,45.38%,178
"April 14, 2021 at 01:44PM",ece477,100151,73.60191F,45.70%,177
"April 14, 2021 at 02:14PM",ece477,100152,72.70561F,46.45%,176
"April 14, 2021 at 02:44PM",ece477,100153,72.35349F,47.31%,194
"April 14, 2021 at 03:14PM",ece477,100154,72.0974F,48.34%,188
"April 14, 2021 at 03:44PM",ece477,100155,71.80931F,48.39%,207
"April 14, 2021 at 04:14PM",ece477,100156,71.4892F,45.56%,222
"April 14, 2021 at 04:44PM",ece477,100157,71.13707F,43.87%,191
"April 14, 2021 at 05:14PM",ece477,100158,71.16909F,44.82%,181
"April 14, 2021 at 05:44PM",ece477,100159,71.58523F,46.03%,208
"April 14, 2021 at 06:14PM",ece477,100160,71.64925F,45.65%,194
"April 14, 2021 at 06:44PM",ece477,100161,71.5212F,45.50%,192
"April 14, 2021 at 07:14PM",ece477,100162,71.32914F,45.55%,194
"April 14, 2021 at 07:44PM",ece477,100163,71.2011F,45.45%,192
"April 14, 2021 at 08:14PM",ece477,100164,71.07305F,45.58%,195
"April 14, 2021 at 08:44PM",ece477,100165,70.94501F,45.56%,192
"April 14, 2021 at 09:14PM",ece477,100166,70.72093F,45.48%,188
"April 14, 2021 at 09:44PM",ece477,100167,70.56087F,45.63%,187
"April 14, 2021 at 10:14PM",ece477,100168,70.46484F,46.25%,193
"April 14, 2021 at 10:44PM",ece477,100169,70.27277F,46.22%,189
"April 14, 2021 at 11:14PM",ece477,100170,69.92065F,45.98%,192
"April 14, 2021 at 11:44PM",ece477,100171,69.60055F,46.45%,187
"April 15, 2021 at 12:14AM",ece477,100172,69.1844F,47.87%,178
"April 15, 2021 at 12:44AM",ece477,100173,68.76827F,45.56%,177
"April 15, 2021 at 01:14AM",ece477,100174,68.48016F,46.35%,176
"April 15, 2021 at 01:44AM",ece477,100175,68.19206F,46.88%,163
"April 15, 2021 at 02:14AM",ece477,100176,67.93598F,46.52%,174
"April 15, 2021 at 02:44AM",ece477,100177,67.67989F,46.93%,172
"April 15, 2021 at 03:14AM",ece477,100178,67.45581F,46.44%,175
"April 15, 2021 at 03:44AM",ece477,100179,67.29576F,46.64%,175
"April 15, 2021 at 04:14AM",ece477,100180,67.19972F,46.85%,170
"April 15, 2021 at 04:44AM",ece477,100181,67.03968F,46.59%,173
"April 15, 2021 at 05:14AM",ece477,100182,66.78359F,46.43%,161
"April 15, 2021 at 05:44AM",ece477,100183,66.59153F,46.90%,166
"April 15, 2021 at 06:14AM",ece477,100184,66.27141F,46.63%,162
"April 15, 2021 at 06:44AM",ece477,100185,66.17538F,48.20%,176
"April 15, 2021 at 07:14AM",ece477,100186,65.9513F,46.84%,170
"April 15, 2021 at 07:44AM",ece477,100187,65.98331F,46.62%,165
"April 15, 2021 at 08:14AM",ece477,100188,66.01532F,46.46%,167
"April 15, 2021 at 08:44AM",ece477,100189,66.07934F,46.09%,161
"April 15, 2021 at 09:14AM",ece477,100190,66.39946F,46.27%,176
"April 15, 2021 at 09:44AM",ece477,100191,66.65554F,46.36%,171
"April 15, 2021 at 10:14AM",ece477,100192,66.75157F,46.40%,170
"April 15, 2021 at 10:44AM",ece477,100193,67.03968F,45.84%,178
"April 15, 2021 at 11:14AM",ece477,100194,67.55185F,45.81%,177
"April 15, 2021 at 11:44AM",ece477,100195,68.12805F,45.73%,181
"April 15, 2021 at 12:14PM",ece477,100196,68.99234F,45.73%,168
"April 15, 2021 at 12:44PM",ece477,100197,69.53652F,45.63%,151
"April 15, 2021 at 01:14PM",ece477,100198,70.11272F,44.65%,144
"April 15, 2021 at 01:44PM",ece477,100199,70.0487F,47.69%,165
"April 15, 2021 at 02:14PM",ece477,100200,69.60055F,48.81%,207
"April 15, 2021 at 02:44PM",ece477,100201,69.34446F,48.52%,208
"April 15, 2021 at 03:14PM",ece477,100202,69.08837F,48.76%,208
"April 15, 2021 at 03:44PM",ece477,100203,68.99234F,48.50%,212
"April 15, 2021 at 04:14PM",ece477,100204,69.08837F,49.59%,253
"April 15, 2021 at 04:44PM",ece477,100205,69.60055F,51.92%,291
"April 15, 2021 at 05:14PM",ece477,100206,69.79261F,52.55%,273
"April 15, 2021 at 05:44PM",ece477,100207,69.72859F,51.79%,259
"April 15, 2021 at 06:14PM",ece477,100208,69.44049F,51.49%,247
"April 15, 2021 at 06:44PM",ece477,100209,69.21642F,50.99%,250
"April 15, 2021 at 07:14PM",ece477,100210,69.02435F,50.80%,257
"April 15, 2021 at 07:44PM",ece477,100211,68.8643F,51.14%,254
"April 15, 2021 at 08:14PM",ece477,100212,69.15239F,51.81%,281
"April 15, 2021 at 08:44PM",ece477,100213,69.50452F,52.05%,283
"April 15, 2021 at 09:14PM",ece477,100214,69.66457F,51.70%,272
"April 15, 2021 at 09:44PM",ece477,100215,69.28044F,51.39%,240
"April 15, 2021 at 10:14PM",ece477,100216,69.21642F,51.67%,244
"April 15, 2021 at 10:44PM",ece477,100217,69.34446F,52.64%,256
"April 15, 2021 at 11:14PM",ece477,100218,69.60055F,53.74%,267
"April 15, 2021 at 11:44PM",ece477,100219,69.7606F,53.44%,256
"April 16, 2021 at 12:14AM",ece477,100220,69.50452F,53.31%,245
"April 16, 2021 at 12:44AM",ece477,100221,69.1844F,53.01%,242
"April 16, 2021 at 01:14AM",ece477,100222,69.08837F,52.80%,240
"April 16, 2021 at 01:44AM",ece477,100223,68.80028F,52.63%,235
"April 16, 2021 at 02:14AM",ece477,100224,68.54419F,52.29%,238
"April 16, 2021 at 02:44AM",ece477,100225,68.35212F,52.98%,236
"April 16, 2021 at 03:14AM",ece477,100226,68.0F,51.88%,237
"April 16, 2021 at 03:44AM",ece477,100227,67.7119F,51.81%,226
"April 16, 2021 at 04:14AM",ece477,100228,67.4238F,51.97%,234
"April 16, 2021 at 04:44AM",ece477,100229,67.26375F,51.93%,226
"April 16, 2021 at 05:14AM",ece477,100230,67.13571F,51.69%,223
"April 16, 2021 at 05:44AM",ece477,100231,66.97565F,51.28%,209
"April 16, 2021 at 06:14AM",ece477,100232,66.8156F,51.35%,219
"April 16, 2021 at 06:44AM",ece477,100233,66.59153F,51.34%,209
"April 16, 2021 at 07:14AM",ece477,100234,66.68756F,50.65%,211
"April 16, 2021 at 07:44AM",ece477,100235,66.97565F,50.97%,211
"April 16, 2021 at 08:14AM",ece477,100236,67.48783F,50.49%,215
"April 16, 2021 at 08:44AM",ece477,100237,68.12805F,50.49%,236
"April 16, 2021 at 09:14AM",ece477,100238,68.76827F,51.83%,250
"April 16, 2021 at 09:44AM",ece477,100239,69.24843F,50.70%,241
"April 16, 2021 at 10:14AM",ece477,100240,69.56853F,50.77%,240
"April 16, 2021 at 10:44AM",ece477,100241,69.69658F,50.50%,235
"April 16, 2021 at 11:14AM",ece477,100242,70.01668F,49.46%,231
"April 16, 2021 at 11:44AM",ece477,100243,70.65691F,48.66%,208
"April 16, 2021 at 12:14PM",ece477,100244,71.45719F,47.67%,187
"April 16, 2021 at 12:44PM",ece477,100245,72.22545F,47.56%,194
"April 16, 2021 at 01:14PM",ece477,100246,72.64159F,47.32%,202
"April 16, 2021 at 01:44PM",ece477,100247,72.44953F,47.16%,203
"April 16, 2021 at 02:14PM",ece477,100248,72.03338F,48.59%,252
"April 16, 2021 at 02:44PM",ece477,100249,71.96936F,48.43%,251
"April 16, 2021 at 03:14PM",ece477,100250,71.84132F,49.29%,251
"April 16, 2021 at 03:44PM",ece477,100251,71.77729F,50.26%,262
"April 16, 2021 at 04:14PM",ece477,100252,71.80931F,50.60%,341
"April 16, 2021 at 04:44PM",ece477,100253,71.74529F,50.85%,436
"April 16, 2021 at 05:14PM",ece477,100254,71.87333F,50.84%,430
"April 16, 2021 at 05:44PM",ece477,100255,71.93735F,50.87%,394
"April 16, 2021 at 06:14PM",ece477,100256,71.80931F,50.71%,349
"April 16, 2021 at 06:44PM",ece477,100257,71.58523F,50.12%,319
"April 16, 2021 at 07:14PM",ece477,100258,71.23311F,49.59%,294
"April 16, 2021 at 07:44PM",ece477,100259,71.13707F,49.75%,295
"April 16, 2021 at 08:14PM",ece477,100260,71.04104F,49.03%,275
"April 16, 2021 at 08:44PM",ece477,100261,70.88099F,49.21%,271
"April 16, 2021 at 09:14PM",ece477,100262,70.75294F,49.07%,260
"April 16, 2021 at 09:44PM",ece477,100263,70.52886F,49.18%,256
"April 16, 2021 at 10:14PM",ece477,100264,70.20875F,49.34%,252
"April 16, 2021 at 10:44PM",ece477,100265,69.92065F,49.39%,250
"April 16, 2021 at 11:14PM",ece477,100266,69.82462F,48.84%,250
"April 16, 2021 at 11:44PM",ece477,100267,69.69658F,49.91%,256
"April 17, 2021 at 12:14AM",ece477,100268,69.60055F,49.25%,243
"April 17, 2021 at 12:44AM",ece477,100269,69.37647F,49.35%,243
"April 17, 2021 at 01:14AM",ece477,100270,69.21642F,49.34%,234
"April 17, 2021 at 01:44AM",ece477,100271,68.8643F,49.60%,231
"April 17, 2021 at 02:14AM",ece477,100272,68.83228F,49.45%,231
"April 17, 2021 at 02:44AM",ece477,100273,68.67223F,49.76%,231
"April 17, 2021 at 03:14AM",ece477,100274,68.54419F,49.41%,225
"April 17, 2021 at 03:44AM",ece477,100275,68.19206F,49.44%,211
"April 17, 2021 at 04:14AM",ece477,100276,67.83995F,49.22%,208
"April 17, 2021 at 04:44AM",ece477,100277,67.61587F,48.90%,209
"April 17, 2021 at 05:14AM",ece477,100278,67.32778F,48.72%,216
"April 17, 2021 at 05:44AM",ece477,100279,67.07169F,48.78%,210
"April 17, 2021 at 06:14AM",ece477,100280,66.75157F,48.64%,209
"April 17, 2021 at 06:44AM",ece477,100281,66.71956F,49.00%,218
"April 17, 2021 at 07:14AM",ece477,100282,66.59153F,49.15%,208
"April 17, 2021 at 07:44AM",ece477,100283,66.68756F,49.22%,209
"April 17, 2021 at 08:14AM",ece477,100284,66.97565F,49.17%,233
"April 17, 2021 at 08:44AM",ece477,100285,67.16772F,49.21%,229
"April 17, 2021 at 09:14AM",ece477,100286,67.32778F,49.76%,209
"April 17, 2021 at 09:44AM",ece477,100287,67.58386F,49.18%,229
"April 17, 2021 at 10:14AM",ece477,100288,68.09603F,49.37%,236
"April 17, 2021 at 10:44AM",ece477,100289,68.5762F,49.28%,236
"April 17, 2021 at 11:14AM",ece477,100290,68.92831F,48.91%,233
"April 17, 2021 at 11:44AM",ece477,100291,69.53652F,49.47%,252
"April 17, 2021 at 12:14PM",ece477,100292,70.36881F,47.77%,241
"April 17, 2021 at 12:44PM",ece477,100293,71.07305F,49.46%,240
"April 17, 2021 at 01:14PM",ece477,100294,71.23311F,48.91%,215
"April 17, 2021 at 01:44PM",ece477,100295,70.97702F,48.08%,256
"April 17, 2021 at 02:14PM",ece477,100296,70.68892F,49.51%,261
"April 17, 2021 at 02:44PM",ece477,100297,70.46484F,49.54%,258
"April 17, 2021 at 03:14PM",ece477,100298,70.30479F,49.11%,256
"April 17, 2021 at 03:44PM",ece477,100299,70.11272F,49.55%,258
"April 17, 2021 at 04:14PM",ece477,100300,69.92065F,49.14%,254
"April 17, 2021 at 04:44PM",ece477,100301,69.72859F,48.80%,243
"April 17, 2021 at 05:14PM",ece477,100302,69.63256F,48.53%,244
"April 17, 2021 at 05:44PM",ece477,100303,69.56853F,48.80%,268
"April 17, 2021 at 06:14PM",ece477,100304,69.40848F,50.03%,267
"April 17, 2021 at 06:44PM",ece477,100305,69.31245F,48.01%,262
"April 17, 2021 at 07:14PM",ece477,100306,69.02435F,47.97%,258
"April 17, 2021 at 07:44PM",ece477,100307,68.76827F,47.79%,251
"April 17, 2021 at 08:14PM",ece477,100308,68.44815F,47.84%,242
"April 17, 2021 at 08:44PM",ece477,100309,68.22408F,47.82%,237
"April 17, 2021 at 09:14PM",ece477,100310,67.90397F,47.87%,236
"April 17, 2021 at 09:44PM",ece477,100311,67.7119F,47.67%,237
"April 17, 2021 at 10:14PM",ece477,100312,67.7119F,47.79%,235
"April 17, 2021 at 10:44PM",ece477,100313,67.80794F,47.99%,237
"April 17, 2021 at 11:14PM",ece477,100314,67.74391F,47.92%,230
"April 17, 2021 at 11:44PM",ece477,100315,67.7119F,48.36%,235
"April 18, 2021 at 12:14AM",ece477,100316,67.58386F,47.89%,229
"April 18, 2021 at 12:44AM",ece477,100317,67.29576F,48.09%,225
"April 18, 2021 at 01:14AM",ece477,100318,67.16772F,48.40%,225
"April 18, 2021 at 01:44AM",ece477,100319,66.87962F,48.55%,217
"April 18, 2021 at 02:14AM",ece477,100320,66.68756F,48.75%,212
"April 18, 2021 at 02:44AM",ece477,100321,66.49549F,48.77%,222
"April 18, 2021 at 03:14AM",ece477,100322,66.30342F,49.24%,215
"April 18, 2021 at 03:44AM",ece477,100323,66.20739F,49.21%,222
"April 18, 2021 at 04:14AM",ece477,100324,65.91929F,49.51%,219
"April 18, 2021 at 04:44AM",ece477,100325,65.75923F,49.07%,218
"April 18, 2021 at 05:14AM",ece477,100326,65.6632F,48.86%,210
"April 18, 2021 at 05:44AM",ece477,100327,65.3751F,48.98%,214
"April 18, 2021 at 06:14AM",ece477,100328,65.21505F,48.96%,212
"April 18, 2021 at 06:44AM",ece477,100329,65.18304F,48.87%,213
"April 18, 2021 at 07:14AM",ece477,100330,65.21505F,48.99%,214
"April 18, 2021 at 07:44AM",ece477,100331,65.31108F,48.68%,214
"April 18, 2021 at 08:14AM",ece477,100332,65.75923F,48.93%,230
"April 18, 2021 at 08:44AM",ece477,100333,66.43147F,48.76%,240
"April 18, 2021 at 09:14AM",ece477,100334,66.97565F,48.70%,249
"April 18, 2021 at 09:44AM",ece477,100335,67.55185F,49.12%,255
"April 18, 2021 at 10:14AM",ece477,100336,68.03201F,49.00%,257
"April 18, 2021 at 10:44AM",ece477,100337,68.54419F,48.40%,256
"April 18, 2021 at 11:14AM",ece477,100338,68.96033F,48.28%,253
"April 18, 2021 at 11:44AM",ece477,100339,69.37647F,47.00%,238
"April 18, 2021 at 11:58AM",ece477,1,5000F,5000%,50000
"April 18, 2021 at 11:58AM",ece477,1,5000F,5000%,50000
"April 18, 2021 at 12:02PM",ece477,1,5000F,5`00%,50000
"April 18, 2021 at 12:03PM",ece477,1,5000F,5000%,50000
"April 18, 2021 at 12:05PM",ece477,1,5000F,5000%,50000
"April 18, 2021 at 12:06PM",ece477,1%7C%7�%7C5000F,u000%,50000,
"April 18, 2021 at 12:08PM",ece477,1%7�%7C%7C5000F,5000%,50000,
"April 18, 2021 at 12:09PM",ece477,1I7C||5000F,5000%,50000,
"April 18, 2021 at 12:09PM",ece477,1,5000F,5000%,50000
"April 18, 2021 at 12:11PM",ece477,1,5000F,,50000
"April 18, 2021 at 12:12PM",ece477,1,50p0F,5000%,50000
"April 18, 2021 at 12:14PM",ece477,100340,70.30479F,48.55%,244
"April 18, 2021 at 12:44PM",ece477,100341,71.07305F,47.98%,243
"April 18, 2021 at 01:14PM",ece477,100342,71.42517F,48.34%,225
"April 18, 2021 at 01:44PM",ece477,100343,71.2011F,48.37%,223
"April 18, 2021 at 02:14PM",ece477,100344,70.68892F,49.53%,259
"April 18, 2021 at 02:44PM",ece477,100345,70.36881F,49.76%,256
"April 18, 2021 at 03:14PM",ece477,100346,70.27277F,50.10%,281
"April 18, 2021 at 03:44PM",ece477,100347,70.27277F,50.49%,282
"April 18, 2021 at 04:14PM",ece477,100348,70.30479F,49.96%,278
"April 18, 2021 at 04:23PM",ece477,1,73F,30%,50000
"April 18, 2021 at 04:23PM",ece477,d,73F,30%,50000
"April 18, 2021 at 04:23PM",ece477,3,73F,30%,50000
"April 18, 2021 at 04:23PM",ece477,4,73F,30%,50000
"April 18, 2021 at 04:24PM",ece477,5,73F,30%,50000
"April 18, 2021 at 04:24PM",ece477,6�7C||73F,,50000,
"April 18, 2021 at 04:24PM",ece477,,30%,50000,
"April 18, 2021 at 04:24PM",ece477,1,73F,30%,50000
"April 18, 2021 at 04:25PM",ece477,2,73F,30%,50000
"April 18, 2021 at 04:25PM",ece477,1,73F,30%,50000
"April 18, 2021 at 04:25PM",ece477,2%7C%7C%7�73Ffval�e2=31%25,,50000,
"April 18, 2021 at 04:26PM",ece477,4,73F,31%,50000
"April 18, 2021 at 04:26PM",ece477,,31%,50000,
"April 18, 2021 at 04:26PM",ece477,1,73F,31%,50000
"April 18, 2021 at 04:27PM",ece477,2,73F,31%,50000
"April 18, 2021 at 04:27PM",ece477,3,73F,31%,50000
"April 18, 2021 at 04:27PM",ece477,,30%,50000,
"April 18, 2021 at 04:27PM",ece477,5,73F,31%,50000
"April 18, 2021 at 04:28PM",ece477,6,73F,31%,50000
"April 18, 2021 at 04:44PM",ece477,100349,70.27277F,50.33%,272
"April 18, 2021 at 04:52PM",ece477,1,73F,31%,50000
"April 18, 2021 at 04:53PM",ece477,1,73F,,50000
"April 18, 2021 at 04:55PM",ece477,1,73F,30%,50000
"April 18, 2021 at 05:00PM",ece477,1,73F,30%,50000
"April 18, 2021 at 05:04PM",ece477,1,73F,,50000
"April 18, 2021 at 05:07PM",ece477,2,73F,30%,50000
"April 18, 2021 at 05:10PM",ece477,3,73F,31%,50000
"April 18, 2021 at 05:14PM",ece477,100350,70.17674F,49.73%,267
"April 18, 2021 at 05:17PM",ece477,1,73F,31%,50000
"April 18, 2021 at 05:19PM",ece477,2||E7C73F,31%,50000,
"April 18, 2021 at 05:22PM",ece477,3,73F,30%,50000
"April 18, 2021 at 05:27PM",ece477,5,73F,32%,50000
"April 18, 2021 at 05:30PM",ece477,6,73F,,50000
"April 18, 2021 at 05:32PM",ece477,7,73F,31%,50000
"April 18, 2021 at 05:35PM",ece477,8,73F,32%,50000
"April 18, 2021 at 05:38PM",ece477,9,73F,32%,50000
"April 18, 2021 at 05:40PM",ece477,10,73F,33%,50000
"April 18, 2021 at 05:43PM",ece477,11,73F,,50000
"April 18, 2021 at 05:44PM",ece477,100351,70.11272F,49.72%,269
"April 18, 2021 at 05:46PM",ece477,,34%,50000,
"April 18, 2021 at 05:48PM",ece477,13\||73F,34%,50000,
"April 18, 2021 at 05:51PM",ece477,14,73F,34%,50000
"April 18, 2021 at 05:53PM",ece477,15,73F,35%,50000
"April 18, 2021 at 05:56PM",ece477,16,73F,34%,50000
"April 18, 2021 at 05:59PM",ece477,,34%,50000,
"April 18, 2021 at 06:01PM",ece477,18,73F,34%,50000
"April 18, 2021 at 06:04PM",ece477,19,73F,33%,50000
"April 18, 2021 at 06:06PM",ece477,20E7C||75F,,50000,
"April 18, 2021 at 06:09PM",ece477,21,75F,33%,50000
"April 18, 2021 at 06:12PM",ece477,22,75F,33%,50000
"April 18, 2021 at 06:14PM",ece477,100352,69.98468F,49.61%,261
"April 18, 2021 at 06:14PM",ece477,23,75F,32%,50000
"April 18, 2021 at 06:17PM",ece477,24J7C||75F,32%,50000,
"April 18, 2021 at 06:19PM",ece477,25,75F,32%,50000
"April 18, 2021 at 06:22PM",ece477,26,75F,32%,50000
"April 18, 2021 at 06:25PM",ece477,27,75F,31%,50000
"April 18, 2021 at 06:27PM",ece477,28,75F,31%,50000
"April 18, 2021 at 06:30PM",ece477,29,75F,31%,50000
"April 18, 2021 at 06:32PM",ece477,30||!7C75F,31%,50000,
"April 18, 2021 at 06:38PM",ece477,32,75F,���25,50000
"April 18, 2021 at 06:40PM",ece477,33,75F,31%,50000
"April 18, 2021 at 06:43PM",ece477,34,75F,32%,50000
"April 18, 2021 at 06:44PM",ece477,100353,70.01668F,49.84%,281
"April 18, 2021 at 06:45PM",ece477,35,75F,32%,50000
"April 18, 2021 at 06:48PM",ece477,36,75F,c1%,50000
"April 18, 2021 at 06:53PM",ece477,1,75F,34%,50000
"April 18, 2021 at 06:56PM",ece477,2,75F,32%,50000
"April 18, 2021 at 06:58PM",ece477,3,75F,33%,50000
"April 18, 2021 at 07:06PM",ece477,1,75F,32%,50000
"April 18, 2021 at 07:09PM",ece477,1,75F,32%,50000
"April 18, 2021 at 07:09PM",ece477,1,75F,32%,50000
"April 18, 2021 at 07:09PM",ece477,1,75F,32%,50000
"April 18, 2021 at 07:14PM",ece477,100354,70.27277F,50.24%,304
"April 18, 2021 at 07:14PM",ece477,1,75F,32%,50000
"April 18, 2021 at 07:21PM",ece477,1,75F,32%,50000
"April 18, 2021 at 07:23PM",ece477,2,75F,32%,50000
"April 18, 2021 at 07:25PM",ece477,1,75F,32%,50000
"April 18, 2021 at 07:27PM",ece477,2,73F,31%,50000
"April 18, 2021 at 07:28PM",ece477,1%oC%7C%7C73Ffvalue2=32%25,,50000,
"April 18, 2021 at 07:32PM",ece477,2M7C||73�,,50000,
"April 18, 2021 at 07:36PM",ece477,3,73F,32%,50000
"April 18, 2021 at 07:40PM",ece477,4,73F,32%,50000
"April 18, 2021 at 07:44PM",ece477,5,73F,32%,50000
"April 18, 2021 at 07:44PM",ece477,100355,70.52886F,50.83%,307
"April 18, 2021 at 07:48PM",ece477,6,73F,32%,50000
"April 18, 2021 at 07:52PM",ece477,7,73F,32%,50000
"April 18, 2021 at 07:56PM",ece477,8,73F,33%,50000
"April 18, 2021 at 08:00PM",ece477,9,73F,33%,50000
"April 18, 2021 at 08:04PM",ece477,10,73F,32%,50000
"April 18, 2021 at 08:08PM",ece477,11,75F,32%,50000
"April 18, 2021 at 08:14PM",ece477,100356,70.65691F,50.89%,306
"April 18, 2021 at 08:16PM",ece477,,32%,50000,
"April 18, 2021 at 08:20PM",ece477,14,75F,32%,50000
"April 18, 2021 at 08:24PM",ece477,15,75F,33%,50000
"April 18, 2021 at 08:28PM",ece477,16,75F,34%,50000
"April 18, 2021 at 08:32PM",ece477,17,73F,34%,50000
"April 18, 2021 at 08:36PM",ece477,18,73F,34%,50000
"April 18, 2021 at 08:40PM",ece477,19,73F,,50000
"April 18, 2021 at 08:44PM",ece477,100357,70.59289F,50.75%,301
"April 18, 2021 at 08:44PM",ece477,20,73F,,50000
"April 18, 2021 at 08:48PM",ece477,21,73F,,50000
"April 18, 2021 at 08:52PM",ece477,22|E7C|73F,36%,50000,
"April 18, 2021 at 08:56PM",ece477,23,73F,36%,50000
"April 18, 2021 at 09:00PM",ece477,24,73F,36%,50000
"April 18, 2021 at 09:04PM",ece477,25,73F,36%,50000
"April 18, 2021 at 09:08PM",ece477,26,73F,36%,50000
"April 18, 2021 at 09:12PM",ece477,27,73F,37%,50000
"April 18, 2021 at 09:14PM",ece477,100358,70.59289F,50.34%,289
"April 18, 2021 at 09:20PM",ece477,29,73F,37%,50000
"April 18, 2021 at 09:24PM",ece477,30,73F,,50000
"April 18, 2021 at 09:36PM",ece477,33,71F,37%,50000
"April 18, 2021 at 09:40PM",ece477,34,71F,37%,50000
"April 18, 2021 at 09:44PM",ece477,100359,70.65691F,49.98%,304
"April 18, 2021 at 09:44PM",ece477,,38%,50000,
"April 18, 2021 at 09:48PM",ece477,36,71F,38%,50000
"April 18, 2021 at 09:52PM",ece477,37,71F,38%,50000
"April 18, 2021 at 09:56PM",ece477,38,71F,38%,50000
"April 18, 2021 at 10:00PM",ece477,39,71F,38%,50000
"April 18, 2021 at 10:04PM",ece477,40,71F,38%,50000
"April 18, 2021 at 10:08PM",ece477,41,71F,38%,50000
"April 18, 2021 at 10:12PM",ece477,42,71F,39%,50000
"April 18, 2021 at 10:14PM",ece477,100360,70.52886F,50.47%,290
"April 18, 2021 at 10:16PM",ece477,43,71F,39%,50000
"April 18, 2021 at 10:20PM",ece477,44,71F,39%,50000
"April 18, 2021 at 10:24PM",ece477,45,71F,39%,50000
"April 18, 2021 at 10:28PM",ece477,46,71F,,50000
"April 18, 2021 at 10:32PM",ece477,47,71F,38%�5,50000
"April 18, 2021 at 10:36PM",ece477,48,71F,38%,50000
"April 18, 2021 at 10:40PM",ece477,49,71F,39%,50000
"April 18, 2021 at 10:44PM",ece477,100361,70.49686F,50.63%,291
"April 18, 2021 at 10:44PM",ece477,50,71F,39%,50000
"April 18, 2021 at 10:48PM",ece477,51,71F,39%,50000
"April 18, 2021 at 10:52PM",ece477,52,71F,39%,50000
"April 18, 2021 at 10:56PM",ece477,53,71F,39%,50000
"April 18, 2021 at 11:00PM",ece477,54||J7C71F,,50000,
"April 18, 2021 at 11:04PM",ece477,,40%,50000,
"April 18, 2021 at 11:08PM",ece477,56,71F,40%,50000
"April 18, 2021 at 11:13PM",ece477,57,71F,40%,50000
"April 18, 2021 at 11:14PM",ece477,100362,70.46484F,50.91%,291
"April 18, 2021 at 11:17PM",ece477,58,71F,40%,50000
"April 18, 2021 at 11:21PM",ece477,59,71F,41%Lvalue3=50000,
"April 18, 2021 at 11:25PM",ece477,60,71F,,50000
"April 18, 2021 at 11:29PM",ece477,61,71F,40%,50000
"April 18, 2021 at 11:33PM",ece477,62,71F,41%,50000
"April 18, 2021 at 11:37PM",ece477,63,71F,41%,50000
"April 18, 2021 at 11:41PM",ece477,,41%,50000,
"April 18, 2021 at 11:44PM",ece477,100363,70.36881F,50.95%,293
"April 18, 2021 at 11:49PM",ece477,66,71F,42%,50000
"April 18, 2021 at 11:53PM",ece477,67,71F,42%,50000
"April 18, 2021 at 11:57PM",ece477,68,71F,41%,50000
"April 19, 2021 at 12:01AM",ece477,,41%,50000,
"April 19, 2021 at 12:05AM",ece477,70,71F,42%,50000
"April 19, 2021 at 12:09AM",ece477,71,71F,42%,50000
"April 19, 2021 at 12:13AM",ece477,72%7�%7C%7C71F,42%,50000,
"April 19, 2021 at 12:14AM",ece477,100364,70.27277F,51.17%,289
"April 19, 2021 at 12:17AM",ece477,73,71F,42%,50000
"April 19, 2021 at 12:21AM",ece477,74,71F,42%,50000
"April 19, 2021 at 12:25AM",ece477,75,71F,42%,50000
"April 19, 2021 at 12:29AM",ece477,76,71F,42%,50000
"April 19, 2021 at 12:33AM",ece477,77,71F,42%,50000
"April 19, 2021 at 12:37AM",ece477,78|E7C|71F,42%,50000,
"April 19, 2021 at 12:41AM",ece477,,42%,50000,
"April 19, 2021 at 12:44AM",ece477,100365,70.17674F,51.22%,287
"April 19, 2021 at 12:45AM",ece477,80,71F,42%,50000
"April 19, 2021 at 12:49AM",ece477,81,71F,42%,50000
"April 19, 2021 at 12:53AM",ece477,82,71F,42%,50000
"April 19, 2021 at 12:57AM",ece477,83J7C||71F,,50000,
"April 19, 2021 at 01:01AM",ece477,,42%,50000,
"April 19, 2021 at 01:05AM",ece477,85,71F,,50000
"April 19, 2021 at 01:09AM",ece477,86,71F,43%,50000
"April 19, 2021 at 01:13AM",ece477,87%wC%7C%7C71F,42%,50000,
"April 19, 2021 at 01:14AM",ece477,100366,70.14473F,51.33%,285
"April 19, 2021 at 01:17AM",ece477,88,o1F,42%,50000
"April 19, 2021 at 01:21AM",ece477,89K7C||71F,43%,50000,
"April 19, 2021 at 01:25AM",ece477,90,71F,43%,50000
"April 19, 2021 at 01:29AM",ece477,,43%,50000,
"April 19, 2021 at 01:33AM",ece477,92%7C%7C%oC71F,43%,50000,
"April 19, 2021 at 01:37AM",ece477,93,71F,43%,50000
"April 19, 2021 at 01:41AM",ece477,94,71F,43%,50000
"April 19, 2021 at 01:44AM",ece477,100367,70.14473F,51.32%,288
"April 19, 2021 at 01:45AM",ece477,95,71F,43%,50000
"April 19, 2021 at 01:53AM",ece477,97,71F,43%,50000
"April 19, 2021 at 01:57AM",ece477,98,71F,43%,50000
"April 19, 2021 at 02:01AM",ece477,99,71F,43%,50000
"April 19, 2021 at 02:05AM",ece477,100E7C||71F,43%,50000,
"April 19, 2021 at 02:09AM",ece477,101|K7C|71F,43%,50000,
"April 19, 2021 at 02:13AM",ece477,102,71F,43%,50000
"April 19, 2021 at 02:14AM",ece477,100368,69.92065F,51.69%,282
"April 19, 2021 at 02:17AM",ece477,103,71F,43%b5,50000
"April 19, 2021 at 02:21AM",ece477,104,71F,42%,50000
"April 19, 2021 at 02:25AM",ece477,105,71F,43%,50000
"April 19, 2021 at 02:29AM",ece477,106,7bF,43%,50000
"April 19, 2021 at 02:33AM",ece477,107,71F,43%,50000
"April 19, 2021 at 02:37AM",ece477,108,71F,43%,50000
"April 19, 2021 at 02:41AM",ece477,109,71F,42%,50000
"April 19, 2021 at 02:44AM",ece477,100369,69.56853F,52.06%,277
"April 19, 2021 at 02:45AM",ece477,110,71F,43%,50000
"April 19, 2021 at 02:49AM",ece477,111,71F,42%,50000
"April 19, 2021 at 02:53AM",ece477,112,71F,42%,50000
"April 19, 2021 at 02:57AM",ece477,113,71F,43%,50000
"April 19, 2021 at 03:01AM",ece477,114,71F,43%,50000
"April 19, 2021 at 03:05AM",ece477,115,71F,42%,50000
"April 19, 2021 at 03:09AM",ece477,116,71F,,50000
"April 19, 2021 at 03:13AM",ece477,117,71F,43%2u,50000
"April 19, 2021 at 03:14AM",ece477,100370,69.24843F,52.22%,271
"April 19, 2021 at 03:17AM",ece477,118,71F,43%,50000
"April 19, 2021 at 03:21AM",ece477,119,69F,43%,50000
"April 19, 2021 at 03:25AM",ece477,120,69F,43%,50000
"April 19, 2021 at 03:29AM",ece477,121,71F,43%,50000
"April 19, 2021 at 03:34AM",ece477,122,71F,43%,50000
"April 19, 2021 at 03:42AM",ece477,,43%,50000,
"April 19, 2021 at 03:44AM",ece477,100371,68.89631F,52.03%,269
"April 19, 2021 at 03:46AM",ece477,125,69F,43%,50000
"April 19, 2021 at 03:50AM",ece477,126,69F,43%,50000
"April 19, 2021 at 03:54AM",ece477,127,71F,43%,50000
"April 19, 2021 at 03:58AM",ece477,128,69F,,50000
"April 19, 2021 at 04:02AM",ece477,,43%,50000,
"April 19, 2021 at 04:06AM",ece477,130,69F,43%,50000
"April 19, 2021 at 04:10AM",ece477,131,69F,43%,50000
"April 19, 2021 at 04:14AM",ece477,132,69F,43%,50000
"April 19, 2021 at 04:14AM",ece477,100372,68.67223F,52.26%,259
"April 19, 2021 at 04:18AM",ece477,,42%,50000,
"April 19, 2021 at 04:22AM",ece477,134,69F,43%,50000
"April 19, 2021 at 04:26AM",ece477,,43%,50000,
"April 19, 2021 at 04:30AM",ece477,136,69F,43%,50000
"April 19, 2021 at 04:34AM",ece477,137,69F,43%,50000
"April 19, 2021 at 04:38AM",ece477,138,n9F,43%,50000
"April 19, 2021 at 04:42AM",ece477,139,69F,43%,50000
"April 19, 2021 at 04:44AM",ece477,100373,68.35212F,52.38%,270
"April 19, 2021 at 04:46AM",ece477,140,69F,43%,50000
"April 19, 2021 at 04:50AM",ece477,141%7�%7C%7C69F,43%,50000,
"April 19, 2021 at 04:54AM",ece477,142,69F,43%,50000
"April 19, 2021 at 04:58AM",ece477,q43,69F,43%,50000
"April 19, 2021 at 05:02AM",ece477,144,69F,43%,50000
"April 19, 2021 at 05:14AM",ece477,100374,68.12805F,52.32%,265
"April 19, 2021 at 05:14AM",ece477,147,6yF,43%,50000
"April 19, 2021 at 05:18AM",ece477,148,69F,43%,50000
"April 19, 2021 at 05:22AM",ece477,149,69F,,50000
"April 19, 2021 at 05:26AM",ece477,150,69F,43%,50000
"April 19, 2021 at 05:34AM",ece477,152,69F,43%,50000
"April 19, 2021 at 05:38AM",ece477,153,69F,43%,50000
"April 19, 2021 at 05:42AM",ece477,,43%2j,50000,
"April 19, 2021 at 05:44AM",ece477,100375,67.90397F,52.73%,265
"April 19, 2021 at 05:46AM",ece477,155,69F,43%,50000
"April 19, 2021 at 05:50AM",ece477,156%7�%7C%7C69F,43%,50000,
"April 19, 2021 at 05:54AM",ece477,157,69F,43%,50000
"April 19, 2021 at 05:58AM",ece477,158,69F,43%,50000
"April 19, 2021 at 06:06AM",ece477,160,69F,43%,50000
"April 19, 2021 at 06:10AM",ece477,,43%,50000,
"April 19, 2021 at 06:14AM",ece477,100376,68.0F,52.85%,297
"April 19, 2021 at 06:14AM",ece477,162,69F,43%,50000
"April 19, 2021 at 06:18AM",ece477,163,69F,43%,50000
"April 19, 2021 at 06:22AM",ece477,164,69F,43%,50000
"April 19, 2021 at 06:26AM",ece477,165,69F,43%,50000
"April 19, 2021 at 06:30AM",ece477,166,69F,42%,50000
"April 19, 2021 at 06:34AM",ece477,167|K7C|69F,43%,50000,
"April 19, 2021 at 06:38AM",ece477,168,69F,43%,50000
"April 19, 2021 at 06:42AM",ece477,169,69F,43%,50000
"April 19, 2021 at 06:44AM",ece477,100377,68.09603F,53.09%,303
"April 19, 2021 at 06:46AM",ece477,170,69F,43%,50000
"April 19, 2021 at 06:50AM",ece477,171,69F,43%,50000
"April 19, 2021 at 06:54AM",ece477,172,69F,43%,50000
"April 19, 2021 at 06:58AM",ece477,173,69F,43%,50000
"April 19, 2021 at 07:02AM",ece477,174,6yF,43%,50000
"April 19, 2021 at 07:06AM",ece477,175,69F,43%,50000
"April 19, 2021 at 07:10AM",ece477,176,69F,,50000
"April 19, 2021 at 07:14AM",ece477,100378,68.06403F,53.00%,290
"April 19, 2021 at 07:14AM",ece477,177,71F,43%,50000
"April 19, 2021 at 07:18AM",ece477,178,71F,42%,50000
"April 19, 2021 at 07:22AM",ece477,179,71F,42I25,50000
"April 19, 2021 at 07:26AM",ece477,180%7�%7C%7C71F,43%,50000,
"April 19, 2021 at 07:30AM",ece477,181,71FNvalue2=43%,,50000
"April 19, 2021 at 07:34AM",ece477,182,71F,43%,50000
"April 19, 2021 at 07:38AM",ece477,183,71F,43%,50000
"April 19, 2021 at 07:42AM",ece477,184,71F,43%,50000
"April 19, 2021 at 07:44AM",ece477,100379,68.32012F,52.91%,284
"April 19, 2021 at 07:46AM",ece477,185,71F,43%,50000
"April 19, 2021 at 07:50AM",ece477,186,71F,43%,50000
"April 19, 2021 at 07:55AM",ece477,187,71F,43%,50000
"April 19, 2021 at 07:59AM",ece477,188,71F,4c%,50000
"April 19, 2021 at 08:03AM",ece477,,,,
"April 19, 2021 at 08:07AM",ece477,190,71F,43%,50000
"April 19, 2021 at 08:11AM",ece477,,,50000,
"April 19, 2021 at 08:14AM",ece477,100380,68.80028F,51.79%,273
"April 19, 2021 at 08:15AM",ece477,192,71F,43%,50000
"April 19, 2021 at 08:19AM",ece477,,43%,50000,
"April 19, 2021 at 08:23AM",ece477,194,71F,43%,50000
"April 19, 2021 at 08:27AM",ece477,195,71F,42%,50000
"April 19, 2021 at 08:31AM",ece477,196,71F,43%,50000
"April 19, 2021 at 08:35AM",ece477,197,71F,43%,50000
"April 19, 2021 at 08:39AM",ece477,198,71F,43%,50000
"April 19, 2021 at 08:43AM",ece477,,43%,50000,
"April 19, 2021 at 08:44AM",ece477,100381,69.44049F,52.41%,307
"April 19, 2021 at 08:47AM",ece477,200,71F,42%,50000
"April 19, 2021 at 08:51AM",ece477,201,71F,43%,50000
"April 19, 2021 at 08:55AM",ece477,202,71F,43%,50000
"April 19, 2021 at 08:59AM",ece477,203,71F,43%,50000
"April 19, 2021 at 09:03AM",ece477,204,71F,42%,50000
"April 19, 2021 at 09:11AM",ece477,,42%,50000,
"April 19, 2021 at 09:14AM",ece477,100382,69.95267F,52.11%,305
"April 19, 2021 at 09:15AM",ece477,,d2%,50000,
"April 19, 2021 at 09:19AM",ece477,208,71F,4.30E+26,50000
"April 19, 2021 at 09:23AM",ece477,209,71F,42%,50000
"April 19, 2021 at 09:27AM",ece477,210,71F,,50000
"April 19, 2021 at 09:31AM",ece477,211,71F,42%,50000
"April 19, 2021 at 09:35AM",ece477,212,71F,42%,50000
"April 19, 2021 at 09:39AM",ece477,213,71F,,50000
"April 19, 2021 at 09:43AM",ece477,,42%,50000,
"April 19, 2021 at 09:44AM",ece477,100383,70.49686F,52.28%,313
"April 19, 2021 at 09:47AM",ece477,215,71F,41%,50000
"April 19, 2021 at 09:51AM",ece477,216,71F,41%2m,50000
"April 19, 2021 at 09:55AM",ece477,217,71F,41%,50000
"April 19, 2021 at 09:59AM",ece477,218,71F,41%,50000
"April 19, 2021 at 10:03AM",ece477,219,71F,41%,50000
"April 19, 2021 at 10:07AM",ece477,,,50000,
"April 19, 2021 at 10:11AM",ece477,221,71F,,50000
"April 19, 2021 at 10:14AM",ece477,100384,70.913F,52.46%,315
"April 19, 2021 at 10:15AM",ece477,222,71F,41%,50000
"April 19, 2021 at 10:19AM",ece477,,40%,50000,
"April 19, 2021 at 10:23AM",ece477,224,71F,41%,50000
"April 19, 2021 at 10:27AM",ece477,225,71F,40%,50000
"April 19, 2021 at 10:31AM",ece477,226%7C%7C%7�71F,40%,50000,
"April 19, 2021 at 10:35AM",ece477,227,71F,40%,50000
"April 19, 2021 at 10:39AM",ece477,228,71F,40%,50000
"April 19, 2021 at 10:43AM",ece477,229,71F,37%,50000
"April 19, 2021 at 10:44AM",ece477,100385,71.13707F,53.32%,319
"April 19, 2021 at 10:47AM",ece477,230,71F,3.70E+26,50000
"April 19, 2021 at 10:51AM",ece477,231,71F,38I25,50000
"April 19, 2021 at 10:55AM",ece477,232,71F,36%,50000
"April 19, 2021 at 10:59AM",ece477,233,71F,37%,50000
"April 19, 2021 at 11:03AM",ece477,234,71F,36%,50000
"April 19, 2021 at 11:07AM",ece477,235,71F,33%,50000
"April 19, 2021 at 11:11AM",ece477,236|M7C|71F,34%,50000,
"April 19, 2021 at 11:14AM",ece477,100386,71.29713F,52.31%,307
"April 19, 2021 at 11:15AM",ece477,237,71F,34%,50000
"April 19, 2021 at 11:19AM",ece477,,35%,50000,
"April 19, 2021 at 11:23AM",ece477,239E7C||71F,34%,50000,
"April 19, 2021 at 11:27AM",ece477,240,71F,34%,50000
"April 19, 2021 at 11:31AM",ece477,241,71F,34%,50000
"April 19, 2021 at 11:44AM",ece477,100387,71.80931F,50.95%,293
"April 19, 2021 at 12:14PM",ece477,100388,72.28947F,49.52%,240
"April 19, 2021 at 12:44PM",ece477,100389,72.03338F,50.47%,240
"April 19, 2021 at 01:14PM",ece477,100390,72.0974F,49.89%,245
"April 19, 2021 at 01:44PM",ece477,100391,71.68126F,49.63%,250
"April 19, 2021 at 02:14PM",ece477,100392,71.42517F,50.40%,284
"April 19, 2021 at 02:44PM",ece477,100393,71.32914F,51.71%,279
"April 19, 2021 at 03:14PM",ece477,100394,71.10507F,52.10%,274
"April 19, 2021 at 03:44PM",ece477,100395,71.00903F,51.76%,277
"April 19, 2021 at 04:14PM",ece477,100396,71.07305F,51.86%,263
"April 19, 2021 at 04:44PM",ece477,100397,71.00903F,51.09%,263
"April 19, 2021 at 05:14PM",ece477,100398,70.94501F,51.52%,259
"April 19, 2021 at 05:44PM",ece477,100399,70.94501F,50.94%,286
"April 19, 2021 at 06:14PM",ece477,100400,71.13707F,51.20%,304
"April 19, 2021 at 06:44PM",ece477,100401,71.2011F,51.53%,289
"April 19, 2021 at 07:14PM",ece477,100402,71.32914F,51.38%,286
"April 19, 2021 at 07:44PM",ece477,100403,71.2011F,50.85%,275
"April 19, 2021 at 08:14PM",ece477,100404,70.913F,50.49%,268
"April 19, 2021 at 08:44PM",ece477,100405,70.75294F,50.68%,262
"April 19, 2021 at 09:14PM",ece477,100406,70.30479F,50.18%,256
"April 19, 2021 at 09:44PM",ece477,100407,70.20875F,50.34%,279
"April 19, 2021 at 10:14PM",ece477,100408,70.68892F,51.04%,310
"April 19, 2021 at 10:44PM",ece477,100409,71.26512F,51.37%,319
"April 19, 2021 at 11:14PM",ece477,100410,71.74529F,51.58%,315
"April 19, 2021 at 11:44PM",ece477,100411,72.16142F,51.90%,331
"April 20, 2021 at 12:14AM",ece477,100412,72.76963F,51.91%,343
"April 20, 2021 at 12:44AM",ece477,100413,73.34583F,51.64%,339
"April 20, 2021 at 01:14AM",ece477,100414,73.60191F,51.63%,340
"April 20, 2021 at 01:44AM",ece477,100415,73.24979F,50.70%,285
"April 20, 2021 at 02:14AM",ece477,100416,72.32148F,50.59%,270
"April 20, 2021 at 02:44AM",ece477,100417,71.80931F,51.22%,299
"April 20, 2021 at 03:14AM",ece477,100418,71.32914F,51.45%,293
"April 20, 2021 at 03:44AM",ece477,100419,70.84898F,51.01%,285
"April 20, 2021 at 04:14AM",ece477,100420,70.40082F,51.06%,272
"April 20, 2021 at 04:44AM",ece477,100421,69.85664F,50.78%,262
"April 20, 2021 at 05:14AM",ece477,100422,69.24843F,50.73%,251
"April 20, 2021 at 05:44AM",ece477,100423,68.67223F,50.53%,250
"April 20, 2021 at 06:14AM",ece477,100424,68.22408F,50.38%,252
"April 20, 2021 at 06:44AM",ece477,100425,67.80794F,50.67%,245
"April 20, 2021 at 07:14AM",ece477,100426,67.58386F,50.97%,241
"April 20, 2021 at 07:44AM",ece477,100427,67.32778F,50.51%,235
"April 20, 2021 at 08:14AM",ece477,100428,67.29576F,50.67%,229
"April 20, 2021 at 08:44AM",ece477,100429,67.16772F,50.55%,230
"April 20, 2021 at 09:14AM",ece477,100430,67.07169F,49.85%,241
"April 20, 2021 at 09:44AM",ece477,100431,66.97565F,50.16%,271
"April 20, 2021 at 10:14AM",ece477,100432,66.94364F,50.27%,267
"April 20, 2021 at 10:44AM",ece477,100433,66.8156F,49.73%,259
"April 20, 2021 at 11:14AM",ece477,100434,67.07169F,50.06%,240
"April 20, 2021 at 11:44AM",ece477,100435,67.26375F,50.47%,259
"April 20, 2021 at 12:14PM",ece477,100436,67.29576F,51.27%,274